INSERT INTO public.difficulty(difficulty_id, difficulty, difficulty_cost) VALUES(1, 'Beginner', 30);
INSERT INTO public.difficulty(difficulty_id, difficulty, difficulty_cost) VALUES(2, 'Intermediate', 50);
INSERT INTO public.difficulty(difficulty_id, difficulty, difficulty_cost) VALUES(3, 'Advanced', 70);

INSERT INTO public.lesson_type(lesson_type_id, lesson_type, type_cost) VALUES(1, 'Personal Lesson', 250);
INSERT INTO public.lesson_type(lesson_type_id, lesson_type, type_cost) VALUES(2, 'Group Lesson', 100);
INSERT INTO public.lesson_type(lesson_type_id, lesson_type, type_cost) VALUES(3, 'Ensemble', 150);

INSERT INTO public.discounts(discount_id, sibling_discount) VALUES(1, 30);

INSERT INTO public.genre(genre_id, genre) VALUES(1, 'Rock');
INSERT INTO public.genre(genre_id, genre) VALUES(2, 'Punk');
INSERT INTO public.genre(genre_id, genre) VALUES(3, 'Hip hop');
INSERT INTO public.genre(genre_id, genre) VALUES(4, 'Country');
INSERT INTO public.genre(genre_id, genre) VALUES(5, 'Jazz');
INSERT INTO public.genre(genre_id, genre) VALUES(6, 'Blues');

INSERT INTO public.instrument_type(instrument_type_id, instrument_type) VALUES(1, 'Piano');
INSERT INTO public.instrument_type(instrument_type_id, instrument_type) VALUES(2, 'Clarinet');
INSERT INTO public.instrument_type(instrument_type_id, instrument_type) VALUES(3, 'Double bass');
INSERT INTO public.instrument_type(instrument_type_id, instrument_type) VALUES(4, 'Violin');
INSERT INTO public.instrument_type(instrument_type_id, instrument_type) VALUES(5, 'Trumpet');
INSERT INTO public.instrument_type(instrument_type_id, instrument_type) VALUES(6, 'Flute');
INSERT INTO public.instrument_type(instrument_type_id, instrument_type) VALUES(7, 'Tuba');
INSERT INTO public.instrument_type(instrument_type_id, instrument_type) VALUES(8, 'Cello');

INSERT INTO public.stock(stock_id, brand, instrument_type, cost_to_rent, model) VALUES(1, 'Gibson', 'Piano', 150, 'NDX9948F');
INSERT INTO public.stock(stock_id, brand, instrument_type, cost_to_rent, model) VALUES(2, 'Gibson', 'Tuba', 200, 'LMD8384FD');
INSERT INTO public.stock(stock_id, brand, instrument_type, cost_to_rent, model) VALUES(3, 'Shure', 'Cello', 175, 'MVJKDJWD');

INSERT INTO public.instrument_for_rent(stock_id) VALUES(1);
INSERT INTO public.instrument_for_rent(stock_id) VALUES(1);
INSERT INTO public.instrument_for_rent(stock_id) VALUES(1);
INSERT INTO public.instrument_for_rent(stock_id) VALUES(1);
INSERT INTO public.instrument_for_rent(stock_id) VALUES(1);
INSERT INTO public.instrument_for_rent(stock_id) VALUES(1);
INSERT INTO public.instrument_for_rent(stock_id) VALUES(1);
INSERT INTO public.instrument_for_rent(stock_id) VALUES(1);
INSERT INTO public.instrument_for_rent(stock_id) VALUES(1);
INSERT INTO public.instrument_for_rent(stock_id) VALUES(1);
INSERT INTO public.instrument_for_rent(stock_id) VALUES(1);
INSERT INTO public.instrument_for_rent(stock_id) VALUES(1);
INSERT INTO public.instrument_for_rent(stock_id) VALUES(1);
INSERT INTO public.instrument_for_rent(stock_id) VALUES(1);
INSERT INTO public.instrument_for_rent(stock_id) VALUES(1);
INSERT INTO public.instrument_for_rent(stock_id) VALUES(2);
INSERT INTO public.instrument_for_rent(stock_id) VALUES(2);
INSERT INTO public.instrument_for_rent(stock_id) VALUES(2);
INSERT INTO public.instrument_for_rent(stock_id) VALUES(2);
INSERT INTO public.instrument_for_rent(stock_id) VALUES(2);
INSERT INTO public.instrument_for_rent(stock_id) VALUES(2);
INSERT INTO public.instrument_for_rent(stock_id) VALUES(2);
INSERT INTO public.instrument_for_rent(stock_id) VALUES(2);
INSERT INTO public.instrument_for_rent(stock_id) VALUES(2);
INSERT INTO public.instrument_for_rent(stock_id) VALUES(3);
INSERT INTO public.instrument_for_rent(stock_id) VALUES(3);
INSERT INTO public.instrument_for_rent(stock_id) VALUES(3);
INSERT INTO public.instrument_for_rent(stock_id) VALUES(3);
INSERT INTO public.instrument_for_rent(stock_id) VALUES(3);
INSERT INTO public.instrument_for_rent(stock_id) VALUES(3);
INSERT INTO public.instrument_for_rent(stock_id) VALUES(3);
INSERT INTO public.instrument_for_rent(stock_id) VALUES(3);
INSERT INTO public.instrument_for_rent(stock_id) VALUES(3);
INSERT INTO public.instrument_for_rent(stock_id) VALUES(3);
INSERT INTO public.instrument_for_rent(stock_id) VALUES(3);


insert into public.person (person_id, street, zip, city, person_number, first_name, last_name, phone_number, email_adress) values (1, '594 Truax Junction', 85624, 'Aţ Ţīrah', '447-67-2772', 'Alic', 'Bigly', '123-286-9169', 'abigly0@engadget.com');
insert into public.person (person_id, street, zip, city, person_number, first_name, last_name, phone_number, email_adress) values (2, '4 Derek Park', 90689, 'Carot', '438-50-1321', 'Garv', 'Giriardelli', '534-788-7690', 'ggiriardelli1@freewebs.com');
insert into public.person (person_id, street, zip, city, person_number, first_name, last_name, phone_number, email_adress) values (3, '4717 Acker Way', 26625, 'Qianjin', '760-55-2591', 'Mirabelle', 'Northrop', null, 'mnorthrop2@instagram.com');
insert into public.person (person_id, street, zip, city, person_number, first_name, last_name, phone_number, email_adress) values (4, '2 Anderson Junction', 72537, 'Longmen', '602-88-1048', 'Farlay', 'Somerville', null, 'fsomerville3@com.com');
insert into public.person (person_id, street, zip, city, person_number, first_name, last_name, phone_number, email_adress) values (5, '670 Declaration Place', 22657, 'København', '623-94-7606', 'Morton', 'Rosthorn', '777-881-7385', 'mrosthorn4@joomla.org');
insert into public.person (person_id, street, zip, city, person_number, first_name, last_name, phone_number, email_adress) values (6, '7315 Arizona Alley', 33978, 'Aguasay', '153-85-0264', 'Benedict', 'Benterman', '870-615-8935', 'bbenterman5@yellowpages.com');
insert into public.person (person_id, street, zip, city, person_number, first_name, last_name, phone_number, email_adress) values (7, '5697 Myrtle Court', 78138, 'Lazaro Cardenas', '252-30-0999', 'Nick', 'Iannuzzi', '227-899-9873', 'niannuzzi6@businesswire.com');
insert into public.person (person_id, street, zip, city, person_number, first_name, last_name, phone_number, email_adress) values (8, '2126 Randy Avenue', 96418, 'Komyshuvakha', '227-34-0959', 'Arlie', 'Wasielewicz', '472-278-1712', 'awasielewicz7@comcast.net');
insert into public.person (person_id, street, zip, city, person_number, first_name, last_name, phone_number, email_adress) values (9, '7 Northfield Place', 87723, 'Guanqiao', '196-39-3075', 'Westbrook', 'Fransson', '851-446-0022', 'wfransson8@google.com.au');
insert into public.person (person_id, street, zip, city, person_number, first_name, last_name, phone_number, email_adress) values (10, '5 Brown Trail', 25595, 'Sakharovo', '380-17-2396', 'Roseanne', 'Duncklee', '909-577-5379', 'rduncklee9@jigsy.com');
insert into public.person (person_id, street, zip, city, person_number, first_name, last_name, phone_number, email_adress) values (11, '9013 Springview Lane', 89759, 'Xiadingjia', '120-27-8755', 'Reynard', 'Madigan', '937-486-2053', 'rmadigana@wp.com');
insert into public.person (person_id, street, zip, city, person_number, first_name, last_name, phone_number, email_adress) values (12, '522 Trailsway Crossing', 30210, 'Kenitra', '372-22-6809', 'Collen', 'Messenbird', '392-629-1991', 'cmessenbirdb@delicious.com');
insert into public.person (person_id, street, zip, city, person_number, first_name, last_name, phone_number, email_adress) values (13, '5494 Cody Alley', 34434, 'Lameira', '675-54-8335', 'Kennan', 'Dislee', '190-672-4699', 'kdisleec@bloomberg.com');
insert into public.person (person_id, street, zip, city, person_number, first_name, last_name, phone_number, email_adress) values (14, '95542 Michigan Point', 40176, 'Balabagan', '690-23-3577', 'Franklyn', 'Bolliver', '607-521-8105', 'fbolliverd@yale.edu');
insert into public.person (person_id, street, zip, city, person_number, first_name, last_name, phone_number, email_adress) values (15, '49 Fieldstone Lane', 11241, 'Bylym', '789-92-3074', 'Mavra', 'Dilliway', '450-309-9177', 'mdilliwaye@apache.org');
insert into public.person (person_id, street, zip, city, person_number, first_name, last_name, phone_number, email_adress) values (16, '83 Golf Course Parkway', 42769, 'Sankanan', '551-02-8104', 'Waylan', 'Goligly', '630-226-0427', 'wgoliglyf@usnews.com');
insert into public.person (person_id, street, zip, city, person_number, first_name, last_name, phone_number, email_adress) values (17, '5758 Division Circle', 21458, 'Izingolweni', '366-01-7693', 'Leigh', 'Pryer', '505-237-7522', 'lpryerg@wiley.com');
insert into public.person (person_id, street, zip, city, person_number, first_name, last_name, phone_number, email_adress) values (18, '4724 Schlimgen Junction', 60822, 'Gelatik', '738-72-8933', 'Doralynn', 'Whellams', '252-779-4744', 'dwhellamsh@pcworld.com');
insert into public.person (person_id, street, zip, city, person_number, first_name, last_name, phone_number, email_adress) values (19, '99463 Springs Pass', 46672, 'Zhongping', '345-35-6336', 'Adena', 'Hogben', null, 'ahogbeni@addthis.com');
insert into public.person (person_id, street, zip, city, person_number, first_name, last_name, phone_number, email_adress) values (20, '08 Garrison Circle', 98917, 'Jatiprahu', '680-36-2443', 'Serge', 'Deniso', '557-807-0449', 'sdenisoj@tinypic.com');
insert into public.person (person_id, street, zip, city, person_number, first_name, last_name, phone_number, email_adress) values (21, '5 Comanche Pass', 45749, 'Zhangqiang', '730-41-5426', 'Pru', 'Mannagh', '871-119-9518', 'pmannaghk@topsy.com');
insert into public.person (person_id, street, zip, city, person_number, first_name, last_name, phone_number, email_adress) values (22, '877 Scoville Terrace', 42731, 'Sollebrunn', '161-09-6611', 'Hilario', 'Berfoot', '757-808-6476', 'hberfootl@forbes.com');
insert into public.person (person_id, street, zip, city, person_number, first_name, last_name, phone_number, email_adress) values (23, '2 Monterey Terrace', 91076, 'Itapevi', '474-71-7863', 'Ileana', 'Pena', null, 'ipenam@chronoengine.com');
insert into public.person (person_id, street, zip, city, person_number, first_name, last_name, phone_number, email_adress) values (24, '12771 Express Terrace', 99589, 'Kutapanjang', '840-72-9962', 'Camile', 'O'' Timony', null, 'cotimonyn@angelfire.com');
insert into public.person (person_id, street, zip, city, person_number, first_name, last_name, phone_number, email_adress) values (25, '42 Di Loreto Street', 13357, 'Potrero Grande', '382-19-6381', 'Umeko', 'Huitt', '410-422-9911', 'uhuitto@biglobe.ne.jp');
insert into public.person (person_id, street, zip, city, person_number, first_name, last_name, phone_number, email_adress) values (26, '85 Helena Road', 73245, 'Sobinka', '560-01-4466', 'Dorree', 'Kasher', '351-301-3631', 'dkasherp@google.com.hk');
insert into public.person (person_id, street, zip, city, person_number, first_name, last_name, phone_number, email_adress) values (27, '451 Forest Crossing', 20449, 'Huddinge', '173-35-0606', 'Gearalt', 'Abbots', '654-358-5397', 'gabbotsq@shareasale.com');
insert into public.person (person_id, street, zip, city, person_number, first_name, last_name, phone_number, email_adress) values (28, '7283 Lindbergh Way', 41696, 'Yuty', '407-02-4795', 'Shaine', 'Barge', '418-545-9311', 'sbarger@businesswire.com');
insert into public.person (person_id, street, zip, city, person_number, first_name, last_name, phone_number, email_adress) values (29, '51550 Stone Corner Junction', 47975, 'Bulacan', '696-75-4942', 'Arnaldo', 'Amy', '928-500-2495', 'aamys@craigslist.org');
insert into public.person (person_id, street, zip, city, person_number, first_name, last_name, phone_number, email_adress) values (30, '68 Badeau Pass', 16759, 'Tongyuanpu', '618-32-9219', 'Berty', 'Needs', '588-173-8052', 'bneedst@bbc.co.uk');

insert into public.instrument (instrument_type_id, person_id, difficulty_id) values (1, 15, 3);
insert into public.instrument (instrument_type_id, person_id, difficulty_id) values (7, 18, 1);
insert into public.instrument (instrument_type_id, person_id, difficulty_id) values (4, 2, 2);
insert into public.instrument (instrument_type_id, person_id, difficulty_id) values (4, 1, 1);
insert into public.instrument (instrument_type_id, person_id, difficulty_id) values (8, 1, 3);
insert into public.instrument (instrument_type_id, person_id, difficulty_id) values (6, 15, 3);
insert into public.instrument (instrument_type_id, person_id, difficulty_id) values (3, 15, 1);
insert into public.instrument (instrument_type_id, person_id, difficulty_id) values (7, 12, 2);
insert into public.instrument (instrument_type_id, person_id, difficulty_id) values (7, 2, 1);
insert into public.instrument (instrument_type_id, person_id, difficulty_id) values (8, 4, 3);
insert into public.instrument (instrument_type_id, person_id, difficulty_id) values (1, 3, 1);
insert into public.instrument (instrument_type_id, person_id, difficulty_id) values (7, 13, 2);
insert into public.instrument (instrument_type_id, person_id, difficulty_id) values (6, 3, 1);
insert into public.instrument (instrument_type_id, person_id, difficulty_id) values (5, 5, 2);
insert into public.instrument (instrument_type_id, person_id, difficulty_id) values (5, 2, 1);
insert into public.instrument (instrument_type_id, person_id, difficulty_id) values (5, 16, 3);
insert into public.instrument (instrument_type_id, person_id, difficulty_id) values (4, 16, 3);
insert into public.instrument (instrument_type_id, person_id, difficulty_id) values (1, 19, 2);
insert into public.instrument (instrument_type_id, person_id, difficulty_id) values (4, 18, 2);
insert into public.instrument (instrument_type_id, person_id, difficulty_id) values (2, 15, 1);
insert into public.instrument (instrument_type_id, person_id, difficulty_id) values (3, 5, 2);
insert into public.instrument (instrument_type_id, person_id, difficulty_id) values (8, 14, 1);
insert into public.instrument (instrument_type_id, person_id, difficulty_id) values (1, 1, 3);
insert into public.instrument (instrument_type_id, person_id, difficulty_id) values (8, 9, 2);
insert into public.instrument (instrument_type_id, person_id, difficulty_id) values (5, 3, 2);
insert into public.instrument (instrument_type_id, person_id, difficulty_id) values (7, 3, 3);
insert into public.instrument (instrument_type_id, person_id, difficulty_id) values (6, 10, 2);
insert into public.instrument (instrument_type_id, person_id, difficulty_id) values (4, 14, 3);
insert into public.instrument (instrument_type_id, person_id, difficulty_id) values (3, 19, 3);
insert into public.instrument (instrument_type_id, person_id, difficulty_id) values (1, 2, 3);
insert into public.instrument (instrument_type_id, person_id, difficulty_id) values (3, 18, 1);
insert into public.instrument (instrument_type_id, person_id, difficulty_id) values (6, 12, 3);
insert into public.instrument (instrument_type_id, person_id, difficulty_id) values (6, 19, 1);
insert into public.instrument (instrument_type_id, person_id, difficulty_id) values (1, 20, 3);
insert into public.instrument (instrument_type_id, person_id, difficulty_id) values (1, 5, 1);
insert into public.instrument (instrument_type_id, person_id, difficulty_id) values (5, 14, 1);
insert into public.instrument (instrument_type_id, person_id, difficulty_id) values (2, 9, 1);
insert into public.instrument (instrument_type_id, person_id, difficulty_id) values (2, 10, 3);
insert into public.instrument (instrument_type_id, person_id, difficulty_id) values (3, 3, 3);
insert into public.instrument (instrument_type_id, person_id, difficulty_id) values (6, 14, 2);
insert into public.instrument (instrument_type_id, person_id, difficulty_id) values (8, 7, 3);
insert into public.instrument (instrument_type_id, person_id, difficulty_id) values (3, 4, 1);
insert into public.instrument (instrument_type_id, person_id, difficulty_id) values (1, 13, 3);
insert into public.instrument (instrument_type_id, person_id, difficulty_id) values (8, 10, 3);
insert into public.instrument (instrument_type_id, person_id, difficulty_id) values (7, 8, 2);
insert into public.instrument (instrument_type_id, person_id, difficulty_id) values (3, 10, 2);
insert into public.instrument (instrument_type_id, person_id, difficulty_id) values (5, 19, 3);
insert into public.instrument (instrument_type_id, person_id, difficulty_id) values (4, 10, 3);
insert into public.instrument (instrument_type_id, person_id, difficulty_id) values (1, 9, 2);
insert into public.instrument (instrument_type_id, person_id, difficulty_id) values (8, 15, 2);
insert into public.instrument (instrument_type_id, person_id, difficulty_id) values (3, 16, 2);
insert into public.instrument (instrument_type_id, person_id, difficulty_id) values (4, 9, 3);
insert into public.instrument (instrument_type_id, person_id, difficulty_id) values (4, 20, 3);
insert into public.instrument (instrument_type_id, person_id, difficulty_id) values (4, 26, 3);
insert into public.instrument (instrument_type_id, person_id, difficulty_id) values (3, 22, 3);
insert into public.instrument (instrument_type_id, person_id, difficulty_id) values (2, 22, 1);
insert into public.instrument (instrument_type_id, person_id, difficulty_id) values (2, 30, 3);
insert into public.instrument (instrument_type_id, person_id, difficulty_id) values (6, 26, 3);
insert into public.instrument (instrument_type_id, person_id, difficulty_id) values (5, 29, 1);
insert into public.instrument (instrument_type_id, person_id, difficulty_id) values (7, 26, 2);
insert into public.instrument (instrument_type_id, person_id, difficulty_id) values (7, 27, 1);
insert into public.instrument (instrument_type_id, person_id, difficulty_id) values (2, 23, 2);
insert into public.instrument (instrument_type_id, person_id, difficulty_id) values (7, 22, 1);
insert into public.instrument (instrument_type_id, person_id, difficulty_id) values (2, 25, 3);
insert into public.instrument (instrument_type_id, person_id, difficulty_id) values (3, 26, 1);
insert into public.instrument (instrument_type_id, person_id, difficulty_id) values (4, 25, 3);
insert into public.instrument (instrument_type_id, person_id, difficulty_id) values (6, 22, 3);
insert into public.instrument (instrument_type_id, person_id, difficulty_id) values (3, 25, 3);
insert into public.instrument (instrument_type_id, person_id, difficulty_id) values (3, 27, 3);
insert into public.instrument (instrument_type_id, person_id, difficulty_id) values (5, 27, 3);
insert into public.instrument (instrument_type_id, person_id, difficulty_id) values (1, 28, 3);
insert into public.instrument (instrument_type_id, person_id, difficulty_id) values (3, 28, 2);
insert into public.instrument (instrument_type_id, person_id, difficulty_id) values (3, 21, 1);
insert into public.instrument (instrument_type_id, person_id, difficulty_id) values (7, 29, 1);
insert into public.instrument (instrument_type_id, person_id, difficulty_id) values (1, 23, 3);
insert into public.instrument (instrument_type_id, person_id, difficulty_id) values (4, 28, 3);
insert into public.instrument (instrument_type_id, person_id, difficulty_id) values (5, 23, 3);
insert into public.instrument (instrument_type_id, person_id, difficulty_id) values (1, 25, 2);
insert into public.instrument (instrument_type_id, person_id, difficulty_id) values (5, 28, 2);
insert into public.instrument (instrument_type_id, person_id, difficulty_id) values (8, 23, 1);
insert into public.instrument (instrument_type_id, person_id, difficulty_id) values (4, 30, 2);

insert into public.instructor (instructor_id, person_id) values (1, 1);
insert into public.instructor (instructor_id, person_id) values (2, 2);
insert into public.instructor (instructor_id, person_id) values (3, 3);
insert into public.instructor (instructor_id, person_id) values (4, 4);
insert into public.instructor (instructor_id, person_id) values (5, 5);
insert into public.instructor (instructor_id, person_id) values (6, 6);
insert into public.instructor (instructor_id, person_id) values (7, 7);
insert into public.instructor (instructor_id, person_id) values (8, 8);
insert into public.instructor (instructor_id, person_id) values (9, 9);
insert into public.instructor (instructor_id, person_id) values (10, 10);


insert into public.known_genres (genre_id, instructor_id) values (1, 3);
insert into public.known_genres (genre_id, instructor_id) values (6, 8);
insert into public.known_genres (genre_id, instructor_id) values (1, 5);
insert into public.known_genres (genre_id, instructor_id) values (2, 10);
insert into public.known_genres (genre_id, instructor_id) values (2, 8);
insert into public.known_genres (genre_id, instructor_id) values (4, 4);
insert into public.known_genres (genre_id, instructor_id) values (5, 3);
insert into public.known_genres (genre_id, instructor_id) values (4, 7);
insert into public.known_genres (genre_id, instructor_id) values (6, 7);
insert into public.known_genres (genre_id, instructor_id) values (2, 3);
insert into public.known_genres (genre_id, instructor_id) values (6, 6);
insert into public.known_genres (genre_id, instructor_id) values (3, 5);
insert into public.known_genres (genre_id, instructor_id) values (5, 9);
insert into public.known_genres (genre_id, instructor_id) values (4, 9);
insert into public.known_genres (genre_id, instructor_id) values (4, 6);
insert into public.known_genres (genre_id, instructor_id) values (2, 5);
insert into public.known_genres (genre_id, instructor_id) values (6, 1);
insert into public.known_genres (genre_id, instructor_id) values (3, 4);
insert into public.known_genres (genre_id, instructor_id) values (6, 4);
insert into public.known_genres (genre_id, instructor_id) values (5, 6);
insert into public.known_genres (genre_id, instructor_id) values (3, 8);
insert into public.known_genres (genre_id, instructor_id) values (5, 5);
insert into public.known_genres (genre_id, instructor_id) values (1, 10);
insert into public.known_genres (genre_id, instructor_id) values (3, 9);
insert into public.known_genres (genre_id, instructor_id) values (4, 1);
insert into public.known_genres (genre_id, instructor_id) values (2, 9);
insert into public.known_genres (genre_id, instructor_id) values (2, 2);
insert into public.known_genres (genre_id, instructor_id) values (6, 10);
insert into public.known_genres (genre_id, instructor_id) values (3, 7);
insert into public.known_genres (genre_id, instructor_id) values (1, 9);
insert into public.known_genres (genre_id, instructor_id) values (3, 6);
insert into public.known_genres (genre_id, instructor_id) values (6, 5);
insert into public.known_genres (genre_id, instructor_id) values (6, 9);
insert into public.known_genres (genre_id, instructor_id) values (5, 2);

insert into public.student (student_id, person_id, caregiver_phone_number, caregiver_email_adress, discount_id) values (1, 11, '883-359-8072', 'chelliar0@patch.com', 1);
insert into public.student (student_id, person_id, caregiver_phone_number, caregiver_email_adress, discount_id) values (2, 12, '573-115-5770', 'gtremathack1@cisco.com', 1);
insert into public.student (student_id, person_id, caregiver_phone_number, caregiver_email_adress, discount_id) values (3, 13, '894-130-1549', 'fdemcak2@hhs.gov', 1);
insert into public.student (student_id, person_id, caregiver_phone_number, caregiver_email_adress, discount_id) values (4, 14, '317-169-4449', 'lputman3@tamu.edu', 1);
insert into public.student (student_id, person_id, caregiver_phone_number, caregiver_email_adress, discount_id) values (5, 15, '808-893-9422', 'chenden4@wordpress.com', 1);
insert into public.student (student_id, person_id, caregiver_phone_number, caregiver_email_adress, discount_id) values (6, 16, '296-997-9767', 'jwhaymand5@blinklist.com', 1);
insert into public.student (student_id, person_id, caregiver_phone_number, caregiver_email_adress, discount_id) values (7, 17, '392-679-2636', 'egibbonson6@narod.ru', 1);
insert into public.student (student_id, person_id, caregiver_phone_number, caregiver_email_adress, discount_id) values (8, 18, '402-979-2483', 'wantalffy7@irs.gov', 1);
insert into public.student (student_id, person_id, caregiver_phone_number, caregiver_email_adress, discount_id) values (9, 19, '420-127-3115', 'bdibson8@over-blog.com', 1);
insert into public.student (student_id, person_id, caregiver_phone_number, caregiver_email_adress, discount_id) values (10, 20, '416-673-9635', 'hsteuart9@free.fr', 1);
insert into public.student (student_id, person_id, caregiver_phone_number, caregiver_email_adress, discount_id) values (11, 21, '759-520-9444', 'awhitehorna@si.edu', 1);
insert into public.student (student_id, person_id, caregiver_phone_number, caregiver_email_adress, discount_id) values (12, 22, '933-459-8300', 'ydebowb@slashdot.org', 1);
insert into public.student (student_id, person_id, caregiver_phone_number, caregiver_email_adress, discount_id) values (13, 23, '522-304-4303', 'hcaddyc@imgur.com', 1);
insert into public.student (student_id, person_id, caregiver_phone_number, caregiver_email_adress, discount_id) values (14, 24, '596-563-9139', 'amckeadyd@microsoft.com', 1);
insert into public.student (student_id, person_id, caregiver_phone_number, caregiver_email_adress, discount_id) values (15, 25, '516-915-5100', 'rallowaye@gravatar.com', 1);
insert into public.student (student_id, person_id, caregiver_phone_number, caregiver_email_adress, discount_id) values (16, 26, null, 'dtockellf@dmoz.org', 1);
insert into public.student (student_id, person_id, caregiver_phone_number, caregiver_email_adress, discount_id) values (17, 27, '515-841-9620', 'pbunworthg@smugmug.com', 1);
insert into public.student (student_id, person_id, caregiver_phone_number, caregiver_email_adress, discount_id) values (18, 28, '808-918-3421', 'cdenisckeh@twitter.com', 1);
insert into public.student (student_id, person_id, caregiver_phone_number, caregiver_email_adress, discount_id) values (19, 29, '164-912-1885', 'kordi@irs.gov', 1);
insert into public.student (student_id, person_id, caregiver_phone_number, caregiver_email_adress, discount_id) values (20, 30, null, 'dklishinj@xinhuanet.com', 1);

insert into public.siblings (student_id, student_sibling_id) values (14, 13);
insert into public.siblings (student_id, student_sibling_id) values (3, 18);
insert into public.siblings (student_id, student_sibling_id) values (20, 14);
insert into public.siblings (student_id, student_sibling_id) values (5, 2);
insert into public.siblings (student_id, student_sibling_id) values (5, 1);
insert into public.siblings (student_id, student_sibling_id) values (1, 13);
insert into public.siblings (student_id, student_sibling_id) values (1, 9);
insert into public.siblings (student_id, student_sibling_id) values (3, 5);
insert into public.siblings (student_id, student_sibling_id) values (8, 9);
insert into public.siblings (student_id, student_sibling_id) values (11, 16);
insert into public.siblings (student_id, student_sibling_id) values (14, 3);
insert into public.siblings (student_id, student_sibling_id) values (13, 7);
insert into public.siblings (student_id, student_sibling_id) values (9, 12);
insert into public.siblings (student_id, student_sibling_id) values (5, 12);
insert into public.siblings (student_id, student_sibling_id) values (9, 1);
insert into public.siblings (student_id, student_sibling_id) values (13, 14);
insert into public.siblings (student_id, student_sibling_id) values (7, 12);
insert into public.siblings (student_id, student_sibling_id) values (2, 7);
insert into public.siblings (student_id, student_sibling_id) values (4, 11);
insert into public.siblings (student_id, student_sibling_id) values (14, 1);
insert into public.siblings (student_id, student_sibling_id) values (7, 10);
insert into public.siblings (student_id, student_sibling_id) values (9, 4);
insert into public.siblings (student_id, student_sibling_id) values (10, 12);
insert into public.siblings (student_id, student_sibling_id) values (10, 5);

insert into public.location (location_id, room, campus) values (1, 'BR-PR', 'London Campus');
insert into public.location (location_id, room, campus) values (2, 'US-AK', 'London Campus');
insert into public.location (location_id, room, campus) values (3, 'US-GA', 'London Campus');
insert into public.location (location_id, room, campus) values (4, 'MX-BCS', 'London Campus');
insert into public.location (location_id, room, campus) values (5, 'PF-U-A', 'London Campus');
insert into public.location (location_id, room, campus) values (6, 'MA-HOC', 'London Campus');
insert into public.location (location_id, room, campus) values (7, 'US-AK', 'London Campus');
insert into public.location (location_id, room, campus) values (8, 'US-IA', 'London Campus');
insert into public.location (location_id, room, campus) values (9, 'NE-5', 'London Campus');
insert into public.location (location_id, room, campus) values (10, 'US-FL', 'London Campus');
insert into public.location (location_id, room, campus) values (11, 'MX-BCN', 'London Campus');
insert into public.location (location_id, room, campus) values (12, 'US-AK', 'London Campus');
insert into public.location (location_id, room, campus) values (13, 'MY-13', 'London Campus');
insert into public.location (location_id, room, campus) values (14, 'RU-MOS', 'Wales Campus');
insert into public.location (location_id, room, campus) values (15, 'FR-E', 'Wales Campus');
insert into public.location (location_id, room, campus) values (16, 'BO-L', 'Wales Campus');
insert into public.location (location_id, room, campus) values (17, 'CG-5', 'Wales Campus');
insert into public.location (location_id, room, campus) values (18, 'FJ-E', 'Wales Campus');
insert into public.location (location_id, room, campus) values (19, 'CA-ON', 'Wales Campus');
insert into public.location (location_id, room, campus) values (20, 'BS-KB', 'Wales Campus');
insert into public.location (location_id, room, campus) values (21, 'US-PA', 'Wales Campus');
insert into public.location (location_id, room, campus) values (22, 'MM-17', 'Wales Campus');
insert into public.location (location_id, room, campus) values (23, 'US-CA', 'Wales Campus');
insert into public.location (location_id, room, campus) values (24, 'AU-WA', 'Wales Campus');

insert into public.lesson (lesson_id, start_time, end_time, location_id, instructor_id, minimum_participants, maximum_participants, instrument_type_id, difficulty_id, lesson_type_id, genre_id) values (1, '2022-07-09 23:26:08', '2022-07-10 01:26:08', 9, 8, null, null, 7, 3, 1, null);
insert into public.lesson (lesson_id, start_time, end_time, location_id, instructor_id, minimum_participants, maximum_participants, instrument_type_id, difficulty_id, lesson_type_id, genre_id) values (2, '2021-12-21 03:10:22', '2021-12-21 05:10:22', 8, 1, null, null, 2, 1, 1, null);
insert into public.lesson (lesson_id, start_time, end_time, location_id, instructor_id, minimum_participants, maximum_participants, instrument_type_id, difficulty_id, lesson_type_id, genre_id) values (3, '2022-04-06 16:53:46', '2022-04-06 18:53:46', 24, 7, null, null, 4, 1, 1, null);
insert into public.lesson (lesson_id, start_time, end_time, location_id, instructor_id, minimum_participants, maximum_participants, instrument_type_id, difficulty_id, lesson_type_id, genre_id) values (4, '2022-06-15 10:50:31', '2022-06-15 12:50:31', 23, 4, null, null, 7, 2, 1, null);
insert into public.lesson (lesson_id, start_time, end_time, location_id, instructor_id, minimum_participants, maximum_participants, instrument_type_id, difficulty_id, lesson_type_id, genre_id) values (5, '2022-03-22 14:31:35', '2022-03-22 16:31:35', 2, 7, null, null, 4, 3, 1, null);
insert into public.lesson (lesson_id, start_time, end_time, location_id, instructor_id, minimum_participants, maximum_participants, instrument_type_id, difficulty_id, lesson_type_id, genre_id) values (6, '2022-02-28 22:05:28', '2022-03-01 00:05:28', 14, 2, null, null, 7, 2, 1, null);
insert into public.lesson (lesson_id, start_time, end_time, location_id, instructor_id, minimum_participants, maximum_participants, instrument_type_id, difficulty_id, lesson_type_id, genre_id) values (7, '2022-09-21 21:06:05', '2022-09-21 23:06:05', 3, 1, null, null, 6, 2, 1, null);
insert into public.lesson (lesson_id, start_time, end_time, location_id, instructor_id, minimum_participants, maximum_participants, instrument_type_id, difficulty_id, lesson_type_id, genre_id) values (8, '2022-07-18 15:12:53', '2022-07-18 17:12:53', 8, 1, null, null, 6, 2, 1, null);
insert into public.lesson (lesson_id, start_time, end_time, location_id, instructor_id, minimum_participants, maximum_participants, instrument_type_id, difficulty_id, lesson_type_id, genre_id) values (9, '2021-12-12 18:51:07', '2021-12-12 20:51:07', 19, 1, null, null, 6, 1, 1, null);
insert into public.lesson (lesson_id, start_time, end_time, location_id, instructor_id, minimum_participants, maximum_participants, instrument_type_id, difficulty_id, lesson_type_id, genre_id) values (10, '2022-04-27 17:36:33', '2022-04-27 19:36:33', 14, 7, null, null, 4, 3, 1, null);
insert into public.lesson (lesson_id, start_time, end_time, location_id, instructor_id, minimum_participants, maximum_participants, instrument_type_id, difficulty_id, lesson_type_id, genre_id) values (11, '2022-01-01 19:41:38', '2022-01-01 21:41:38', 15, 9, null, null, 4, 2, 1, null);
insert into public.lesson (lesson_id, start_time, end_time, location_id, instructor_id, minimum_participants, maximum_participants, instrument_type_id, difficulty_id, lesson_type_id, genre_id) values (12, '2022-01-20 20:28:26', '2022-01-20 22:28:26', 14, 8, null, null, 3, 1, 1, null);
insert into public.lesson (lesson_id, start_time, end_time, location_id, instructor_id, minimum_participants, maximum_participants, instrument_type_id, difficulty_id, lesson_type_id, genre_id) values (13, '2022-09-15 04:39:13', '2022-09-15 06:39:13', 4, 7, null, null, 1, 3, 1, null);
insert into public.lesson (lesson_id, start_time, end_time, location_id, instructor_id, minimum_participants, maximum_participants, instrument_type_id, difficulty_id, lesson_type_id, genre_id) values (14, '2021-12-02 19:47:32', '2021-12-02 21:47:32', 19, 8, null, null, 2, 1, 1, null);
insert into public.lesson (lesson_id, start_time, end_time, location_id, instructor_id, minimum_participants, maximum_participants, instrument_type_id, difficulty_id, lesson_type_id, genre_id) values (15, '2022-05-02 20:24:15', '2022-05-02 22:24:15', 21, 8, null, null, 4, 1, 1, null);
insert into public.lesson (lesson_id, start_time, end_time, location_id, instructor_id, minimum_participants, maximum_participants, instrument_type_id, difficulty_id, lesson_type_id, genre_id) values (16, '2022-10-15 15:43:07', '2022-10-15 17:43:07', 13, 7, null, null, 4, 2, 1, null);
insert into public.lesson (lesson_id, start_time, end_time, location_id, instructor_id, minimum_participants, maximum_participants, instrument_type_id, difficulty_id, lesson_type_id, genre_id) values (17, '2022-05-15 18:09:21', '2022-05-15 20:09:21', 10, 9, null, null, 1, 1, 1, null);
insert into public.lesson (lesson_id, start_time, end_time, location_id, instructor_id, minimum_participants, maximum_participants, instrument_type_id, difficulty_id, lesson_type_id, genre_id) values (18, '2022-09-06 03:27:13', '2022-09-06 05:27:13', 9, 2, null, null, 6, 2, 1, null);
insert into public.lesson (lesson_id, start_time, end_time, location_id, instructor_id, minimum_participants, maximum_participants, instrument_type_id, difficulty_id, lesson_type_id, genre_id) values (19, '2022-04-02 09:51:19', '2022-04-02 11:51:19', 10, 7, null, null, 5, 2, 1, null);
insert into public.lesson (lesson_id, start_time, end_time, location_id, instructor_id, minimum_participants, maximum_participants, instrument_type_id, difficulty_id, lesson_type_id, genre_id) values (20, '2022-11-10 05:46:37', '2022-11-10 07:46:37', 5, 8, null, null, 5, 3, 1, null);

insert into public.lesson (lesson_id, start_time, end_time, location_id, instructor_id, minimum_participants, maximum_participants, instrument_type_id, difficulty_id, lesson_type_id, genre_id) values (21, '2022-01-10 12:25:03', '2022-01-10 14:25:03', 19, 7, 6, 13, 5, 2, 2, null);
insert into public.lesson (lesson_id, start_time, end_time, location_id, instructor_id, minimum_participants, maximum_participants, instrument_type_id, difficulty_id, lesson_type_id, genre_id) values (22, '2022-03-29 22:14:41', '2022-03-30 00:14:41', 11, 2, 6, 15, 2, 3, 2, null);
insert into public.lesson (lesson_id, start_time, end_time, location_id, instructor_id, minimum_participants, maximum_participants, instrument_type_id, difficulty_id, lesson_type_id, genre_id) values (23, '2022-04-01 02:03:21', '2022-04-01 04:03:21', 12, 10, 7, 13, 6, 3, 2, null);
insert into public.lesson (lesson_id, start_time, end_time, location_id, instructor_id, minimum_participants, maximum_participants, instrument_type_id, difficulty_id, lesson_type_id, genre_id) values (24, '2022-09-14 21:11:00', '2022-09-14 23:11:00', 8, 7, 4, 11, 8, 2, 2, null);
insert into public.lesson (lesson_id, start_time, end_time, location_id, instructor_id, minimum_participants, maximum_participants, instrument_type_id, difficulty_id, lesson_type_id, genre_id) values (25, '2022-01-13 11:02:29', '2022-01-13 13:02:29', 12, 10, 4, 12, 6, 1, 2, null);
insert into public.lesson (lesson_id, start_time, end_time, location_id, instructor_id, minimum_participants, maximum_participants, instrument_type_id, difficulty_id, lesson_type_id, genre_id) values (26, '2021-12-03 07:40:14', '2021-12-03 09:40:14', 24, 8, 4, 14, 7, 3, 2, null);
insert into public.lesson (lesson_id, start_time, end_time, location_id, instructor_id, minimum_participants, maximum_participants, instrument_type_id, difficulty_id, lesson_type_id, genre_id) values (27, '2022-02-20 15:18:11', '2022-02-20 17:18:11', 12, 4, 4, 10, 5, 1, 2, null);
insert into public.lesson (lesson_id, start_time, end_time, location_id, instructor_id, minimum_participants, maximum_participants, instrument_type_id, difficulty_id, lesson_type_id, genre_id) values (28, '2022-05-16 20:15:46', '2022-05-16 22:15:46', 18, 3, 5, 13, 2, 1, 2, null);
insert into public.lesson (lesson_id, start_time, end_time, location_id, instructor_id, minimum_participants, maximum_participants, instrument_type_id, difficulty_id, lesson_type_id, genre_id) values (29, '2022-08-06 06:22:32', '2022-08-06 08:22:32', 6, 7, 5, 12, 2, 1, 2, null);
insert into public.lesson (lesson_id, start_time, end_time, location_id, instructor_id, minimum_participants, maximum_participants, instrument_type_id, difficulty_id, lesson_type_id, genre_id) values (30, '2022-10-30 17:29:10', '2022-10-30 19:29:10', 3, 9, 8, 11, 6, 3, 2, null);
insert into public.lesson (lesson_id, start_time, end_time, location_id, instructor_id, minimum_participants, maximum_participants, instrument_type_id, difficulty_id, lesson_type_id, genre_id) values (31, '2022-06-04 10:15:25', '2022-06-04 12:15:25', 1, 6, 5, 11, 6, 2, 2, null);
insert into public.lesson (lesson_id, start_time, end_time, location_id, instructor_id, minimum_participants, maximum_participants, instrument_type_id, difficulty_id, lesson_type_id, genre_id) values (32, '2022-03-15 01:44:51', '2022-03-15 03:44:51', 22, 10, 7, 13, 4, 3, 2, null);
insert into public.lesson (lesson_id, start_time, end_time, location_id, instructor_id, minimum_participants, maximum_participants, instrument_type_id, difficulty_id, lesson_type_id, genre_id) values (33, '2022-07-05 02:51:45', '2022-07-05 04:51:45', 16, 10, 7, 10, 6, 1, 2, null);
insert into public.lesson (lesson_id, start_time, end_time, location_id, instructor_id, minimum_participants, maximum_participants, instrument_type_id, difficulty_id, lesson_type_id, genre_id) values (34, '2022-09-28 09:06:53', '2022-09-28 11:06:53', 22, 6, 7, 12, 6, 2, 2, null);
insert into public.lesson (lesson_id, start_time, end_time, location_id, instructor_id, minimum_participants, maximum_participants, instrument_type_id, difficulty_id, lesson_type_id, genre_id) values (35, '2022-03-12 10:16:50', '2022-03-12 12:16:50', 3, 10, 6, 10, 3, 1, 2, null);
insert into public.lesson (lesson_id, start_time, end_time, location_id, instructor_id, minimum_participants, maximum_participants, instrument_type_id, difficulty_id, lesson_type_id, genre_id) values (36, '2022-01-09 13:11:01', '2022-01-09 15:11:01', 16, 3, 8, 12, 2, 3, 2, null);
insert into public.lesson (lesson_id, start_time, end_time, location_id, instructor_id, minimum_participants, maximum_participants, instrument_type_id, difficulty_id, lesson_type_id, genre_id) values (37, '2022-03-02 12:52:57', '2022-03-02 14:52:57', 18, 4, 8, 13, 7, 1, 2, null);
insert into public.lesson (lesson_id, start_time, end_time, location_id, instructor_id, minimum_participants, maximum_participants, instrument_type_id, difficulty_id, lesson_type_id, genre_id) values (38, '2022-09-04 07:34:00', '2022-09-04 09:34:00', 21, 1, 8, 13, 3, 2, 2, null);
insert into public.lesson (lesson_id, start_time, end_time, location_id, instructor_id, minimum_participants, maximum_participants, instrument_type_id, difficulty_id, lesson_type_id, genre_id) values (39, '2022-01-31 17:38:42', '2022-01-31 19:38:42', 1, 6, 4, 12, 7, 3, 2, null);
insert into public.lesson (lesson_id, start_time, end_time, location_id, instructor_id, minimum_participants, maximum_participants, instrument_type_id, difficulty_id, lesson_type_id, genre_id) values (40, '2022-10-23 01:42:25', '2022-10-23 03:42:25', 3, 2, 5, 12, 5, 1, 2, null);

insert into public.lesson (lesson_id, start_time, end_time, location_id, instructor_id, minimum_participants, maximum_participants, instrument_type_id, difficulty_id, lesson_type_id, genre_id) values (41, '2022-07-12 15:26:20', '2022-07-12 17:26:20', 18, 4, 6, 13, null, null, 3, 1);
insert into public.lesson (lesson_id, start_time, end_time, location_id, instructor_id, minimum_participants, maximum_participants, instrument_type_id, difficulty_id, lesson_type_id, genre_id) values (42, '2022-07-29 05:45:56', '2022-07-29 07:45:56', 13, 3, 4, 12, null, null, 3, 4);
insert into public.lesson (lesson_id, start_time, end_time, location_id, instructor_id, minimum_participants, maximum_participants, instrument_type_id, difficulty_id, lesson_type_id, genre_id) values (43, '2022-06-29 11:47:27', '2022-06-29 13:47:27', 24, 8, 6, 10, null, null, 3, 5);
insert into public.lesson (lesson_id, start_time, end_time, location_id, instructor_id, minimum_participants, maximum_participants, instrument_type_id, difficulty_id, lesson_type_id, genre_id) values (44, '2022-08-01 02:35:29', '2022-08-01 04:35:29', 3, 3, 4, 12, null, null, 3, 5);
insert into public.lesson (lesson_id, start_time, end_time, location_id, instructor_id, minimum_participants, maximum_participants, instrument_type_id, difficulty_id, lesson_type_id, genre_id) values (45, '2022-05-29 22:10:13', '2022-05-30 00:10:13', 7, 6, 7, 12, null, null, 3, 4);
insert into public.lesson (lesson_id, start_time, end_time, location_id, instructor_id, minimum_participants, maximum_participants, instrument_type_id, difficulty_id, lesson_type_id, genre_id) values (46, '2021-11-22 19:48:06', '2021-11-22 21:48:06', 18, 2, 4, 14, null, null, 3, 2);
insert into public.lesson (lesson_id, start_time, end_time, location_id, instructor_id, minimum_participants, maximum_participants, instrument_type_id, difficulty_id, lesson_type_id, genre_id) values (47, '2022-02-23 02:40:35', '2022-02-23 04:40:35', 13, 5, 8, 12, null, null, 3, 2);
insert into public.lesson (lesson_id, start_time, end_time, location_id, instructor_id, minimum_participants, maximum_participants, instrument_type_id, difficulty_id, lesson_type_id, genre_id) values (48, '2022-09-24 02:55:32', '2022-09-24 04:55:32', 7, 7, 6, 13, null, null, 3, 4);
insert into public.lesson (lesson_id, start_time, end_time, location_id, instructor_id, minimum_participants, maximum_participants, instrument_type_id, difficulty_id, lesson_type_id, genre_id) values (49, '2021-12-01 09:07:19', '2021-12-01 11:07:19', 6, 8, 4, 13, null, null, 3, 1);
insert into public.lesson (lesson_id, start_time, end_time, location_id, instructor_id, minimum_participants, maximum_participants, instrument_type_id, difficulty_id, lesson_type_id, genre_id) values (50, '2022-06-13 13:35:16', '2022-06-13 15:35:16', 20, 3, 8, 13, null, null, 3, 2);
insert into public.lesson (lesson_id, start_time, end_time, location_id, instructor_id, minimum_participants, maximum_participants, instrument_type_id, difficulty_id, lesson_type_id, genre_id) values (51, '2022-05-13 18:13:59', '2022-05-13 20:13:59', 20, 10, 5, 15, null, null, 3, 5);
insert into public.lesson (lesson_id, start_time, end_time, location_id, instructor_id, minimum_participants, maximum_participants, instrument_type_id, difficulty_id, lesson_type_id, genre_id) values (52, '2022-09-25 18:23:47', '2022-09-25 20:23:47', 21, 5, 6, 15, null, null, 3, 3);
insert into public.lesson (lesson_id, start_time, end_time, location_id, instructor_id, minimum_participants, maximum_participants, instrument_type_id, difficulty_id, lesson_type_id, genre_id) values (53, '2022-01-05 12:38:52', '2022-01-05 14:38:52', 7, 1, 7, 12, null, null, 3, 6);
insert into public.lesson (lesson_id, start_time, end_time, location_id, instructor_id, minimum_participants, maximum_participants, instrument_type_id, difficulty_id, lesson_type_id, genre_id) values (54, '2022-11-04 16:31:45', '2022-11-04 18:31:45', 12, 5, 5, 11, null, null, 3, 1);
insert into public.lesson (lesson_id, start_time, end_time, location_id, instructor_id, minimum_participants, maximum_participants, instrument_type_id, difficulty_id, lesson_type_id, genre_id) values (55, '2022-04-14 09:17:14', '2022-04-14 11:17:14', 1, 2, 6, 12, null, null, 3, 5);
insert into public.lesson (lesson_id, start_time, end_time, location_id, instructor_id, minimum_participants, maximum_participants, instrument_type_id, difficulty_id, lesson_type_id, genre_id) values (56, '2022-03-22 09:24:22', '2022-03-22 11:24:22', 20, 8, 4, 13, null, null, 3, 6);
insert into public.lesson (lesson_id, start_time, end_time, location_id, instructor_id, minimum_participants, maximum_participants, instrument_type_id, difficulty_id, lesson_type_id, genre_id) values (57, '2022-02-24 08:33:03', '2022-02-24 10:33:03', 15, 5, 8, 11, null, null, 3, 3);
insert into public.lesson (lesson_id, start_time, end_time, location_id, instructor_id, minimum_participants, maximum_participants, instrument_type_id, difficulty_id, lesson_type_id, genre_id) values (58, '2022-04-08 09:10:13', '2022-04-08 11:10:13', 11, 4, 5, 14, null, null, 3, 5);
insert into public.lesson (lesson_id, start_time, end_time, location_id, instructor_id, minimum_participants, maximum_participants, instrument_type_id, difficulty_id, lesson_type_id, genre_id) values (59, '2022-10-11 07:20:19', '2022-10-11 09:20:19', 20, 7, 7, 14, null, null, 3, 3);
insert into public.lesson (lesson_id, start_time, end_time, location_id, instructor_id, minimum_participants, maximum_participants, instrument_type_id, difficulty_id, lesson_type_id, genre_id) values (60, '2022-10-05 09:33:24', '2022-10-05 11:33:24', 20, 5, 8, 14, null, null, 3, 4);

insert into public.student_lesson_xref (student_id, lesson_id) values (1, 1);
insert into public.student_lesson_xref (student_id, lesson_id) values (3, 2);
insert into public.student_lesson_xref (student_id, lesson_id) values (16, 3);
insert into public.student_lesson_xref (student_id, lesson_id) values (20, 4);
insert into public.student_lesson_xref (student_id, lesson_id) values (6, 5);
insert into public.student_lesson_xref (student_id, lesson_id) values (4, 6);
insert into public.student_lesson_xref (student_id, lesson_id) values (4, 7);
insert into public.student_lesson_xref (student_id, lesson_id) values (19, 8);
insert into public.student_lesson_xref (student_id, lesson_id) values (18, 9);
insert into public.student_lesson_xref (student_id, lesson_id) values (6, 10);
insert into public.student_lesson_xref (student_id, lesson_id) values (8, 11);
insert into public.student_lesson_xref (student_id, lesson_id) values (18, 12);
insert into public.student_lesson_xref (student_id, lesson_id) values (14, 13);
insert into public.student_lesson_xref (student_id, lesson_id) values (13, 14);
insert into public.student_lesson_xref (student_id, lesson_id) values (14, 15);
insert into public.student_lesson_xref (student_id, lesson_id) values (12, 16);
insert into public.student_lesson_xref (student_id, lesson_id) values (4, 17);
insert into public.student_lesson_xref (student_id, lesson_id) values (13, 18);
insert into public.student_lesson_xref (student_id, lesson_id) values (13, 19);
insert into public.student_lesson_xref (student_id, lesson_id) values (7, 20);

insert into public.student_lesson_xref (student_id, lesson_id) values (20, 54);
insert into public.student_lesson_xref (student_id, lesson_id) values (14, 24);
insert into public.student_lesson_xref (student_id, lesson_id) values (20, 59);
insert into public.student_lesson_xref (student_id, lesson_id) values (9, 57);
insert into public.student_lesson_xref (student_id, lesson_id) values (9, 26);
insert into public.student_lesson_xref (student_id, lesson_id) values (9, 52);
insert into public.student_lesson_xref (student_id, lesson_id) values (15, 41);
insert into public.student_lesson_xref (student_id, lesson_id) values (7, 30);
insert into public.student_lesson_xref (student_id, lesson_id) values (7, 57);
insert into public.student_lesson_xref (student_id, lesson_id) values (19, 37);
insert into public.student_lesson_xref (student_id, lesson_id) values (14, 49);
insert into public.student_lesson_xref (student_id, lesson_id) values (7, 49);
insert into public.student_lesson_xref (student_id, lesson_id) values (4, 31);
insert into public.student_lesson_xref (student_id, lesson_id) values (1, 41);
insert into public.student_lesson_xref (student_id, lesson_id) values (19, 27);
insert into public.student_lesson_xref (student_id, lesson_id) values (17, 37);
insert into public.student_lesson_xref (student_id, lesson_id) values (15, 32);
insert into public.student_lesson_xref (student_id, lesson_id) values (11, 42);
insert into public.student_lesson_xref (student_id, lesson_id) values (5, 47);
insert into public.student_lesson_xref (student_id, lesson_id) values (13, 57);
insert into public.student_lesson_xref (student_id, lesson_id) values (3, 26);
insert into public.student_lesson_xref (student_id, lesson_id) values (8, 44);
insert into public.student_lesson_xref (student_id, lesson_id) values (4, 27);
insert into public.student_lesson_xref (student_id, lesson_id) values (4, 60);
insert into public.student_lesson_xref (student_id, lesson_id) values (18, 26);
insert into public.student_lesson_xref (student_id, lesson_id) values (10, 42);
insert into public.student_lesson_xref (student_id, lesson_id) values (6, 37);
insert into public.student_lesson_xref (student_id, lesson_id) values (15, 34);
insert into public.student_lesson_xref (student_id, lesson_id) values (8, 22);
insert into public.student_lesson_xref (student_id, lesson_id) values (5, 51);
insert into public.student_lesson_xref (student_id, lesson_id) values (2, 32);
insert into public.student_lesson_xref (student_id, lesson_id) values (1, 34);
insert into public.student_lesson_xref (student_id, lesson_id) values (11, 39);
insert into public.student_lesson_xref (student_id, lesson_id) values (8, 38);
insert into public.student_lesson_xref (student_id, lesson_id) values (15, 38);
insert into public.student_lesson_xref (student_id, lesson_id) values (4, 51);
insert into public.student_lesson_xref (student_id, lesson_id) values (12, 59);
insert into public.student_lesson_xref (student_id, lesson_id) values (7, 35);
insert into public.student_lesson_xref (student_id, lesson_id) values (2, 47);
insert into public.student_lesson_xref (student_id, lesson_id) values (10, 45);
insert into public.student_lesson_xref (student_id, lesson_id) values (14, 46);
insert into public.student_lesson_xref (student_id, lesson_id) values (17, 49);
insert into public.student_lesson_xref (student_id, lesson_id) values (3, 40);
insert into public.student_lesson_xref (student_id, lesson_id) values (9, 49);
insert into public.student_lesson_xref (student_id, lesson_id) values (20, 50);
insert into public.student_lesson_xref (student_id, lesson_id) values (17, 52);
insert into public.student_lesson_xref (student_id, lesson_id) values (7, 51);
insert into public.student_lesson_xref (student_id, lesson_id) values (3, 53);
insert into public.student_lesson_xref (student_id, lesson_id) values (16, 53);
insert into public.student_lesson_xref (student_id, lesson_id) values (14, 52);
insert into public.student_lesson_xref (student_id, lesson_id) values (7, 44);
insert into public.student_lesson_xref (student_id, lesson_id) values (10, 25);
insert into public.student_lesson_xref (student_id, lesson_id) values (20, 51);
insert into public.student_lesson_xref (student_id, lesson_id) values (5, 41);
insert into public.student_lesson_xref (student_id, lesson_id) values (8, 46);
insert into public.student_lesson_xref (student_id, lesson_id) values (10, 49);
insert into public.student_lesson_xref (student_id, lesson_id) values (1, 39);
insert into public.student_lesson_xref (student_id, lesson_id) values (19, 38);
insert into public.student_lesson_xref (student_id, lesson_id) values (20, 45);
insert into public.student_lesson_xref (student_id, lesson_id) values (6, 50);
insert into public.student_lesson_xref (student_id, lesson_id) values (2, 27);
insert into public.student_lesson_xref (student_id, lesson_id) values (1, 27);
insert into public.student_lesson_xref (student_id, lesson_id) values (18, 38);
insert into public.student_lesson_xref (student_id, lesson_id) values (10, 23);
insert into public.student_lesson_xref (student_id, lesson_id) values (17, 31);
insert into public.student_lesson_xref (student_id, lesson_id) values (6, 55);
insert into public.student_lesson_xref (student_id, lesson_id) values (15, 24);
insert into public.student_lesson_xref (student_id, lesson_id) values (2, 43);
insert into public.student_lesson_xref (student_id, lesson_id) values (5, 52);
insert into public.student_lesson_xref (student_id, lesson_id) values (18, 43);
insert into public.student_lesson_xref (student_id, lesson_id) values (2, 53);
insert into public.student_lesson_xref (student_id, lesson_id) values (9, 41);
insert into public.student_lesson_xref (student_id, lesson_id) values (9, 59);
insert into public.student_lesson_xref (student_id, lesson_id) values (11, 28);
insert into public.student_lesson_xref (student_id, lesson_id) values (10, 22);
insert into public.student_lesson_xref (student_id, lesson_id) values (5, 33);
insert into public.student_lesson_xref (student_id, lesson_id) values (20, 58);
insert into public.student_lesson_xref (student_id, lesson_id) values (4, 43);
insert into public.student_lesson_xref (student_id, lesson_id) values (14, 55);
insert into public.student_lesson_xref (student_id, lesson_id) values (3, 22);
insert into public.student_lesson_xref (student_id, lesson_id) values (14, 60);
insert into public.student_lesson_xref (student_id, lesson_id) values (15, 46);
insert into public.student_lesson_xref (student_id, lesson_id) values (16, 39);
insert into public.student_lesson_xref (student_id, lesson_id) values (14, 29);
insert into public.student_lesson_xref (student_id, lesson_id) values (19, 55);
insert into public.student_lesson_xref (student_id, lesson_id) values (4, 53);
insert into public.student_lesson_xref (student_id, lesson_id) values (4, 32);
insert into public.student_lesson_xref (student_id, lesson_id) values (6, 40);
insert into public.student_lesson_xref (student_id, lesson_id) values (19, 28);
insert into public.student_lesson_xref (student_id, lesson_id) values (20, 21);
insert into public.student_lesson_xref (student_id, lesson_id) values (17, 44);
insert into public.student_lesson_xref (student_id, lesson_id) values (20, 53);
insert into public.student_lesson_xref (student_id, lesson_id) values (19, 29);
insert into public.student_lesson_xref (student_id, lesson_id) values (13, 27);
insert into public.student_lesson_xref (student_id, lesson_id) values (1, 31);
insert into public.student_lesson_xref (student_id, lesson_id) values (17, 26);
insert into public.student_lesson_xref (student_id, lesson_id) values (6, 52);
insert into public.student_lesson_xref (student_id, lesson_id) values (6, 47);
insert into public.student_lesson_xref (student_id, lesson_id) values (19, 23);
insert into public.student_lesson_xref (student_id, lesson_id) values (2, 24);
insert into public.student_lesson_xref (student_id, lesson_id) values (16, 28);
insert into public.student_lesson_xref (student_id, lesson_id) values (2, 49);
insert into public.student_lesson_xref (student_id, lesson_id) values (16, 44);
insert into public.student_lesson_xref (student_id, lesson_id) values (13, 51);
insert into public.student_lesson_xref (student_id, lesson_id) values (15, 39);
insert into public.student_lesson_xref (student_id, lesson_id) values (18, 48);
insert into public.student_lesson_xref (student_id, lesson_id) values (8, 56);
insert into public.student_lesson_xref (student_id, lesson_id) values (13, 48);
insert into public.student_lesson_xref (student_id, lesson_id) values (19, 40);
insert into public.student_lesson_xref (student_id, lesson_id) values (9, 58);
insert into public.student_lesson_xref (student_id, lesson_id) values (19, 36);
insert into public.student_lesson_xref (student_id, lesson_id) values (2, 21);
insert into public.student_lesson_xref (student_id, lesson_id) values (15, 44);
insert into public.student_lesson_xref (student_id, lesson_id) values (13, 31);
insert into public.student_lesson_xref (student_id, lesson_id) values (19, 58);
insert into public.student_lesson_xref (student_id, lesson_id) values (13, 43);
insert into public.student_lesson_xref (student_id, lesson_id) values (13, 46);
insert into public.student_lesson_xref (student_id, lesson_id) values (5, 37);
insert into public.student_lesson_xref (student_id, lesson_id) values (16, 32);
insert into public.student_lesson_xref (student_id, lesson_id) values (2, 23);
insert into public.student_lesson_xref (student_id, lesson_id) values (15, 21);
insert into public.student_lesson_xref (student_id, lesson_id) values (13, 37);
insert into public.student_lesson_xref (student_id, lesson_id) values (3, 46);
insert into public.student_lesson_xref (student_id, lesson_id) values (20, 47);
insert into public.student_lesson_xref (student_id, lesson_id) values (20, 46);
insert into public.student_lesson_xref (student_id, lesson_id) values (16, 36);
insert into public.student_lesson_xref (student_id, lesson_id) values (9, 50);
insert into public.student_lesson_xref (student_id, lesson_id) values (9, 56);
insert into public.student_lesson_xref (student_id, lesson_id) values (19, 41);
insert into public.student_lesson_xref (student_id, lesson_id) values (18, 51);
insert into public.student_lesson_xref (student_id, lesson_id) values (17, 35);
insert into public.student_lesson_xref (student_id, lesson_id) values (14, 26);
insert into public.student_lesson_xref (student_id, lesson_id) values (14, 35);
insert into public.student_lesson_xref (student_id, lesson_id) values (8, 40);
insert into public.student_lesson_xref (student_id, lesson_id) values (2, 38);
insert into public.student_lesson_xref (student_id, lesson_id) values (1, 23);
insert into public.student_lesson_xref (student_id, lesson_id) values (19, 25);
insert into public.student_lesson_xref (student_id, lesson_id) values (1, 60);
insert into public.student_lesson_xref (student_id, lesson_id) values (1, 38);
insert into public.student_lesson_xref (student_id, lesson_id) values (9, 25);
insert into public.student_lesson_xref (student_id, lesson_id) values (12, 21);
insert into public.student_lesson_xref (student_id, lesson_id) values (6, 31);
insert into public.student_lesson_xref (student_id, lesson_id) values (1, 50);
insert into public.student_lesson_xref (student_id, lesson_id) values (16, 55);
insert into public.student_lesson_xref (student_id, lesson_id) values (7, 59);
insert into public.student_lesson_xref (student_id, lesson_id) values (12, 43);
insert into public.student_lesson_xref (student_id, lesson_id) values (20, 32);
insert into public.student_lesson_xref (student_id, lesson_id) values (16, 24);
insert into public.student_lesson_xref (student_id, lesson_id) values (5, 49);
insert into public.student_lesson_xref (student_id, lesson_id) values (14, 53);
insert into public.student_lesson_xref (student_id, lesson_id) values (13, 25);
insert into public.student_lesson_xref (student_id, lesson_id) values (17, 59);
insert into public.student_lesson_xref (student_id, lesson_id) values (19, 52);
insert into public.student_lesson_xref (student_id, lesson_id) values (19, 42);
insert into public.student_lesson_xref (student_id, lesson_id) values (11, 46);
insert into public.student_lesson_xref (student_id, lesson_id) values (5, 42);
insert into public.student_lesson_xref (student_id, lesson_id) values (11, 37);
insert into public.student_lesson_xref (student_id, lesson_id) values (9, 31);
insert into public.student_lesson_xref (student_id, lesson_id) values (8, 53);
insert into public.student_lesson_xref (student_id, lesson_id) values (4, 35);
insert into public.student_lesson_xref (student_id, lesson_id) values (19, 34);
insert into public.student_lesson_xref (student_id, lesson_id) values (4, 47);
insert into public.student_lesson_xref (student_id, lesson_id) values (5, 59);
insert into public.student_lesson_xref (student_id, lesson_id) values (8, 35);
insert into public.student_lesson_xref (student_id, lesson_id) values (1, 53);
insert into public.student_lesson_xref (student_id, lesson_id) values (2, 59);
insert into public.student_lesson_xref (student_id, lesson_id) values (1, 21);
insert into public.student_lesson_xref (student_id, lesson_id) values (3, 58);
insert into public.student_lesson_xref (student_id, lesson_id) values (13, 24);
insert into public.student_lesson_xref (student_id, lesson_id) values (11, 41);
insert into public.student_lesson_xref (student_id, lesson_id) values (7, 31);
insert into public.student_lesson_xref (student_id, lesson_id) values (6, 39);
insert into public.student_lesson_xref (student_id, lesson_id) values (2, 56);
insert into public.student_lesson_xref (student_id, lesson_id) values (20, 23);
insert into public.student_lesson_xref (student_id, lesson_id) values (18, 35);
insert into public.student_lesson_xref (student_id, lesson_id) values (4, 33);
insert into public.student_lesson_xref (student_id, lesson_id) values (12, 51);
insert into public.student_lesson_xref (student_id, lesson_id) values (1, 43);
insert into public.student_lesson_xref (student_id, lesson_id) values (19, 45);
insert into public.student_lesson_xref (student_id, lesson_id) values (8, 26);
insert into public.student_lesson_xref (student_id, lesson_id) values (5, 23);
insert into public.student_lesson_xref (student_id, lesson_id) values (8, 33);
insert into public.student_lesson_xref (student_id, lesson_id) values (4, 30);
insert into public.student_lesson_xref (student_id, lesson_id) values (12, 26);
insert into public.student_lesson_xref (student_id, lesson_id) values (5, 26);
insert into public.student_lesson_xref (student_id, lesson_id) values (14, 30);


insert into public.lease (student_id, instrument_for_rent_id, start_rent_date, end_rent_date) values (3, 1, '2022-02-24 07:49:54', '2022-08-24 07:49:54');
insert into public.lease (student_id, instrument_for_rent_id, start_rent_date, end_rent_date) values (17, 2, '2022-11-08 16:11:13', '2023-03-08 16:11:13');
insert into public.lease (student_id, instrument_for_rent_id, start_rent_date, end_rent_date) values (13, 3, '2022-02-24 02:01:35', '2022-04-24 02:01:35');
insert into public.lease (student_id, instrument_for_rent_id, start_rent_date, end_rent_date) values (11, 4, '2022-04-14 07:37:22', '2022-06-14 07:37:22');
insert into public.lease (student_id, instrument_for_rent_id, start_rent_date, end_rent_date) values (12, 13, '2022-04-20 14:22:44', '2022-12-20 14:22:44');
insert into public.lease (student_id, instrument_for_rent_id, start_rent_date, end_rent_date) values (6, 14, '2022-03-09 04:47:48', '2023-01-09 04:47:48');
insert into public.lease (student_id, instrument_for_rent_id, start_rent_date, end_rent_date) values (6, 15, '2022-05-21 19:58:26', '2022-09-21 19:58:26');
insert into public.lease (student_id, instrument_for_rent_id, start_rent_date, end_rent_date) values (13, 16, '2022-02-06 23:35:41', '2022-05-06 23:35:41');
insert into public.lease (student_id, instrument_for_rent_id, start_rent_date, end_rent_date) values (14, 17, '2022-09-05 22:35:00', '2022-10-05 22:35:00');
insert into public.lease (student_id, instrument_for_rent_id, start_rent_date, end_rent_date) values (17, 18, '2022-09-27 13:58:35', '2022-10-27 16:06:22');
insert into public.lease (student_id, instrument_for_rent_id, start_rent_date, end_rent_date) values (18, 19, '2022-08-20 14:20:17', '2022-11-20 14:20:17');
insert into public.lease (student_id, instrument_for_rent_id, start_rent_date, end_rent_date) values (1, 23, '2022-01-17 10:44:08', '2022-03-17 10:44:08');
insert into public.lease (student_id, instrument_for_rent_id, start_rent_date, end_rent_date) values (18, 24, '2022-03-21 14:55:09', '2022-07-21 14:55:09');
insert into public.lease (student_id, instrument_for_rent_id, start_rent_date, end_rent_date) values (7, 25, '2022-09-04 01:31:33', '2023-02-04 01:31:33');
insert into public.lease (student_id, instrument_for_rent_id, start_rent_date, end_rent_date) values (5, 31, '2022-06-26 11:44:24', '2022-12-26 11:44:24');
insert into public.lease (student_id, instrument_for_rent_id, start_rent_date, end_rent_date) values (5, 33, '2022-06-18 23:06:29', '2022-08-18 23:06:29');
insert into public.lease (student_id, instrument_for_rent_id, start_rent_date, end_rent_date) values (15, 34, '2022-01-21 14:55:43', '2022-10-21 14:55:43');
insert into public.lease (student_id, instrument_for_rent_id, start_rent_date, end_rent_date) values (20, 35, '2022-08-30 23:48:42', '2022-10-30 23:48:42');